[{"model": "core.user", "pk": 1, "fields": {"password": "pbkdf2_sha256$720000$RW384g7VBm9pvUdJoyuxUB$rOULZ0PsQXMAXILn9Mtcp7zKYkIW2zoMWqdpXNxKl1M=", "last_login": "2024-11-20T16:16:57.758Z", "is_superuser": true, "username": "Kenny", "first_name": "", "last_name": "", "email": "damitwhy01@gmail.com", "is_staff": true, "is_active": true, "date_joined": "2024-08-15T20:36:54.278Z", "is_admin": false, "groups": [], "user_permissions": []}}, {"model": "core.user", "pk": 2, "fields": {"password": "sameagain", "last_login": "2024-08-16T20:45:34Z", "is_superuser": true, "username": "Inequitas", "first_name": "Ken", "last_name": "Cox", "email": "damitwhy@gmail.com", "is_staff": true, "is_active": true, "date_joined": "2024-08-16T20:45:13Z", "is_admin": true, "groups": [], "user_permissions": []}}, {"model": "core.user", "pk": 3, "fields": {"password": "pbkdf2_sha256$720000$ozEOzQbUOtpFTC0ZN4Mf5J$G/5a2iS2S1+LyYizxlci+M3t12SiNXwTPJh2BVMudWQ=", "last_login": "2024-10-25T09:47:08.065Z", "is_superuser": true, "username": "ahmed", "first_name": "", "last_name": "", "email": "", "is_staff": true, "is_active": true, "date_joined": "2024-08-17T09:55:52Z", "is_admin": true, "groups": [], "user_permissions": []}}, {"model": "core.user", "pk": 4, "fields": {"password": "pbkdf2_sha256$720000$DEWmwbJYF2Tsjh6wdWqrg3$WG3aiT1z6t3V/7QuVfi5VtRz9+JFClwlCDxZsMQ51Sg=", "last_login": "2024-08-17T16:06:04.528Z", "is_superuser": false, "username": "futureinand", "first_name": "", "last_name": "", "email": "", "is_staff": false, "is_active": true, "date_joined": "2024-08-17T12:57:11.672Z", "is_admin": false, "groups": [], "user_permissions": []}}, {"model": "core.user", "pk": 5, "fields": {"password": "pbkdf2_sha256$720000$AdhjDzrksWyqKi0G7UFcN2$MNWWVWZz6ELaKi1DqezeSLxmVCotbMOQslMABYgd7hY=", "last_login": "2024-08-19T09:57:41Z", "is_superuser": true, "username": "Ashwini", "first_name": "", "last_name": "", "email": "", "is_staff": true, "is_active": true, "date_joined": "2024-08-17T13:23:10Z", "is_admin": true, "groups": [], "user_permissions": []}}, {"model": "core.user", "pk": 6, "fields": {"password": "pbkdf2_sha256$720000$AjTL4l8UcQYPe8jnUhDchx$bfz1qu8uXJPF09+3p13NKQQaj0tcyU08XoqjFQhaUwI=", "last_login": "2024-08-18T21:31:37.213Z", "is_superuser": false, "username": "damitwhy", "first_name": "", "last_name": "", "email": "", "is_staff": false, "is_active": true, "date_joined": "2024-08-17T15:05:12.090Z", "is_admin": false, "groups": [], "user_permissions": []}}, {"model": "core.user", "pk": 7, "fields": {"password": "pbkdf2_sha256$720000$BC9ODiRxosFtBvRFkD9J9p$vmDlDYFHwwE1jQ11QLRDmx7yG0GN4gfZtr5yz6IoKBI=", "last_login": "2024-08-17T16:15:01Z", "is_superuser": true, "username": "Henryb", "first_name": "", "last_name": "", "email": "", "is_staff": true, "is_active": true, "date_joined": "2024-08-17T16:14:47Z", "is_admin": true, "groups": [], "user_permissions": []}}, {"model": "core.user", "pk": 8, "fields": {"password": "pbkdf2_sha256$720000$NIHbqz1EBKyHrOXcLpwksw$Vij0HyNLBpuSHu//dtG6RGCB7UmhRTloIhM2KvNDddU=", "last_login": "2024-08-19T12:37:12.855Z", "is_superuser": false, "username": "will_smith", "first_name": "", "last_name": "", "email": "", "is_staff": false, "is_active": true, "date_joined": "2024-08-18T10:35:58.670Z", "is_admin": false, "groups": [], "user_permissions": []}}, {"model": "core.user", "pk": 9, "fields": {"password": "pbkdf2_sha256$720000$8Ar4YbOgFnat2FHP29P4hB$KKHUceBGu3k5FS0N16otVQtZCGVAgjye0wQJ0WR455k=", "last_login": "2024-08-18T19:49:11.313Z", "is_superuser": false, "username": "chips", "first_name": "", "last_name": "", "email": "", "is_staff": false, "is_active": true, "date_joined": "2024-08-18T19:49:04.174Z", "is_admin": false, "groups": [], "user_permissions": []}}, {"model": "core.user", "pk": 10, "fields": {"password": "pbkdf2_sha256$720000$xbMUACgYVVNFsePQ9hsgig$E01Q/QAZYr87ojJ3n3VK9syfmkeWAK6y856uZKZGviA=", "last_login": "2024-08-19T13:20:14.130Z", "is_superuser": false, "username": "artist", "first_name": "", "last_name": "", "email": "", "is_staff": false, "is_active": true, "date_joined": "2024-08-19T13:19:53.747Z", "is_admin": false, "groups": [], "user_permissions": []}}, {"model": "core.user", "pk": 11, "fields": {"password": "pbkdf2_sha256$720000$yKo8yz3xmCxEMNiRG0nssc$9Mi6uJPq6LrXEE7svGbe7eUl9xM3KsvEXiwnb23vZ48=", "last_login": "2024-08-19T13:22:42.501Z", "is_superuser": false, "username": "juanfer", "first_name": "", "last_name": "", "email": "", "is_staff": false, "is_active": true, "date_joined": "2024-08-19T13:22:36.650Z", "is_admin": false, "groups": [], "user_permissions": []}}, {"model": "core.user", "pk": 12, "fields": {"password": "pbkdf2_sha256$720000$j90uLkYTS6JDzL6Hvcwpq5$UUsevtheEpfOsqU3AWJL99LqqxFdGDThMBPYKLZzvCM=", "last_login": "2024-08-19T13:34:12.992Z", "is_superuser": false, "username": "test", "first_name": "", "last_name": "", "email": "", "is_staff": false, "is_active": true, "date_joined": "2024-08-19T13:33:01.520Z", "is_admin": false, "groups": [], "user_permissions": []}}, {"model": "core.user", "pk": 13, "fields": {"password": "pbkdf2_sha256$720000$k217aG0kqPBRK704p4je0O$ShRV/sHxc4O+cLlTTooAAShcH4wZHFb3jSeTzOS2K38=", "last_login": "2024-08-19T13:33:23.730Z", "is_superuser": false, "username": "Dan", "first_name": "", "last_name": "", "email": "", "is_staff": false, "is_active": true, "date_joined": "2024-08-19T13:33:19.618Z", "is_admin": false, "groups": [], "user_permissions": []}}, {"model": "core.user", "pk": 14, "fields": {"password": "pbkdf2_sha256$720000$zmuvTlSHNM6sJ6IOgAW75V$6rFOb3CUVKXSjcFxvV3g3HyBggMY0SM7F2SBhbnfdmo=", "last_login": "2024-08-19T13:33:52.628Z", "is_superuser": false, "username": "Test3", "first_name": "", "last_name": "", "email": "", "is_staff": false, "is_active": true, "date_joined": "2024-08-19T13:33:41.611Z", "is_admin": false, "groups": [], "user_permissions": []}}, {"model": "core.user", "pk": 15, "fields": {"password": "pbkdf2_sha256$720000$pZLNhjdzgiBSqblf3VDWmq$+oBAt/t66T1UR5pdnG2CdDjiWDqU3M6dImUCyZCWqzA=", "last_login": "2024-08-19T13:37:18.958Z", "is_superuser": false, "username": "testuser22", "first_name": "", "last_name": "", "email": "", "is_staff": false, "is_active": true, "date_joined": "2024-08-19T13:37:09.709Z", "is_admin": false, "groups": [], "user_permissions": []}}, {"model": "core.user", "pk": 16, "fields": {"password": "pbkdf2_sha256$720000$edriZXh17iHUGE5m2zsKeT$24P9duS6tKj8BkRck0kyHS61j5/pVfMIxTcAPNnbhyg=", "last_login": "2024-08-19T18:13:18.165Z", "is_superuser": false, "username": "Mondiko", "first_name": "", "last_name": "", "email": "", "is_staff": false, "is_active": true, "date_joined": "2024-08-19T18:13:13.210Z", "is_admin": false, "groups": [], "user_permissions": []}}, {"model": "core.user", "pk": 17, "fields": {"password": "pbkdf2_sha256$720000$CmX6uqDeuzB293EWrAV3Bk$sUPIwmqpcWjtu8txEd2aoF17gpWi4RKdqhkK22U00wE=", "last_login": "2024-08-21T00:03:25.060Z", "is_superuser": false, "username": "Ken-Cox", "first_name": "", "last_name": "", "email": "ken@purerarez.com", "is_staff": false, "is_active": true, "date_joined": "2024-08-21T00:03:18.149Z", "is_admin": false, "groups": [], "user_permissions": []}}, {"model": "core.user", "pk": 18, "fields": {"password": "pbkdf2_sha256$720000$SOCaTunDQtmQOfEV6mboqj$o/mjm23RKL9kDSy2jwFpLdCS6LxRGotDSlEmOpblcuQ=", "last_login": "2024-09-13T18:42:09.219Z", "is_superuser": false, "username": "midnatt_lantern", "first_name": "", "last_name": "", "email": "isakvent@outlook.com", "is_staff": false, "is_active": true, "date_joined": "2024-09-13T18:41:52.422Z", "is_admin": false, "groups": [], "user_permissions": []}}, {"model": "core.comment", "pk": 2, "fields": {"user": 1, "image_id": null, "text": "Wownice hair", "created_at": "2024-08-16T22:57:16.917Z"}}, {"model": "core.comment", "pk": 3, "fields": {"user": 1, "image_id": null, "text": "yes comments seem to work fine", "created_at": "2024-08-16T23:16:29.893Z"}}, {"model": "core.comment", "pk": 4, "fields": {"user": 1, "image_id": null, "text": "Styling needed here... who can help ?", "created_at": "2024-08-16T23:17:13.546Z"}}, {"model": "core.comment", "pk": 5, "fields": {"user": 1, "image_id": null, "text": "Need a back button to return to detailed view or directly to gallery", "created_at": "2024-08-16T23:18:03.947Z"}}, {"model": "core.comment", "pk": 6, "fields": {"user": 1, "image_id": null, "text": "we need to keep all images the same size for consistency.... maybe this text area could be smaller", "created_at": "2024-08-16T23:20:11.216Z"}}, {"model": "core.comment", "pk": 7, "fields": {"user": 1, "image_id": null, "text": "OH i've noticed the link that brings us here has target=blank as its opens new window we dont want that...", "created_at": "2024-08-16T23:21:31.641Z"}}, {"model": "core.comment", "pk": 8, "fields": {"user": 1, "image_id": null, "text": "hello... hmmmmm", "created_at": "2024-08-16T23:46:30.143Z"}}, {"model": "core.comment", "pk": 9, "fields": {"user": 1, "image_id": null, "text": "demo", "created_at": "2024-08-17T08:48:45.995Z"}}, {"model": "core.comment", "pk": 10, "fields": {"user": 3, "image_id": null, "text": "test", "created_at": "2024-08-17T09:56:07.513Z"}}, {"model": "core.comment", "pk": 11, "fields": {"user": 1, "image_id": null, "text": "Wooooow so big too big", "created_at": "2024-08-17T13:35:30.760Z"}}, {"model": "core.comment", "pk": 12, "fields": {"user": 6, "image_id": null, "text": "Is this a filter or AI generated art?", "created_at": "2024-08-17T19:50:12.908Z"}}, {"model": "core.comment", "pk": 13, "fields": {"user": 3, "image_id": null, "text": "AI", "created_at": "2024-08-17T20:39:25.406Z"}}, {"model": "core.comment", "pk": 14, "fields": {"user": 6, "image_id": 21, "text": "Is it AI art though? looks good!!", "created_at": "2024-08-18T00:48:40.416Z"}}, {"model": "core.comment", "pk": 15, "fields": {"user": 6, "image_id": 23, "text": "Very Cool Art work...!!!", "created_at": "2024-08-18T11:03:39.553Z"}}, {"model": "core.comment", "pk": 16, "fields": {"user": 8, "image_id": 8, "text": "Test comment, redirected to comment after logging in successful!", "created_at": "2024-08-18T11:10:46.937Z"}}, {"model": "core.comment", "pk": 17, "fields": {"user": 6, "image_id": 20, "text": "Dank bro....", "created_at": "2024-08-18T13:10:33.545Z"}}, {"model": "core.comment", "pk": 18, "fields": {"user": 6, "image_id": 13, "text": "Brilliant, the redirect on login works perfectly...", "created_at": "2024-08-18T13:18:39.843Z"}}, {"model": "core.comment", "pk": 19, "fields": {"user": 6, "image_id": 7, "text": "Nice hair", "created_at": "2024-08-18T16:01:03.124Z"}}, {"model": "core.comment", "pk": 20, "fields": {"user": 6, "image_id": 24, "text": "Beautiful Painting, reminds me of summer, makes me feel good.", "created_at": "2024-08-18T20:14:14.919Z"}}, {"model": "core.comment", "pk": 23, "fields": {"user": 1, "image_id": 6, "text": "Love the hair", "created_at": "2024-08-18T22:25:36.300Z"}}, {"model": "core.comment", "pk": 24, "fields": {"user": 1, "image_id": 25, "text": "great piece of art, love it", "created_at": "2024-08-18T22:58:23.792Z"}}, {"model": "core.comment", "pk": 25, "fields": {"user": 6, "image_id": 25, "text": "Who is this by? why cant i see who uploaded this master piece ?", "created_at": "2024-08-18T23:22:28.599Z"}}, {"model": "core.comment", "pk": 26, "fields": {"user": 3, "image_id": 5, "text": "Nice Art !", "created_at": "2024-08-19T08:13:55.410Z"}}, {"model": "core.comment", "pk": 27, "fields": {"user": 6, "image_id": 27, "text": "Really good representation of Ashwini, I think this is a wonderful piece with beautiful scenery in the back ground... Wow speed boat to Paradise...", "created_at": "2024-08-19T11:49:47.599Z"}}, {"model": "core.comment", "pk": 28, "fields": {"user": 6, "image_id": 28, "text": "You are as talented a painter as you are a coder...", "created_at": "2024-08-19T11:51:22.211Z"}}, {"model": "core.comment", "pk": 29, "fields": {"user": 6, "image_id": 31, "text": "Love the almost French early century / late 1800's look, I imaging Henry is about to book passage to the Americus...", "created_at": "2024-08-19T11:54:10.918Z"}}, {"model": "core.comment", "pk": 30, "fields": {"user": 8, "image_id": 11, "text": "A comment", "created_at": "2024-08-19T12:02:00.312Z"}}, {"model": "core.comment", "pk": 31, "fields": {"user": 10, "image_id": 7, "text": "noice", "created_at": "2024-08-19T13:21:51.737Z"}}, {"model": "core.comment", "pk": 32, "fields": {"user": 15, "image_id": 20, "text": "Hello world 123", "created_at": "2024-08-19T13:39:07.954Z"}}, {"model": "core.comment", "pk": 33, "fields": {"user": 1, "image_id": 37, "text": "This is sweet... Cats chasing a frog up the side of a mountain... lol", "created_at": "2024-08-20T21:12:40.841Z"}}, {"model": "core.comment", "pk": 34, "fields": {"user": 18, "image_id": 12, "text": "cool chin", "created_at": "2024-09-13T18:48:40.175Z"}}, {"model": "core.image", "pk": 3, "fields": {"user": 2, "image": "image/upload/v1723844551/ro9mxgirre4kbwu7ceb1.png", "title": "Pic01", "description": "Nice to see you", "created_at": "2024-08-16T21:42:31.631Z", "comments": []}}, {"model": "core.image", "pk": 4, "fields": {"user": 1, "image": "image/upload/v1723844632/ppsyoxvlpz86tjw4fdjh.png", "title": "Pic04", "description": "OOOOH my hair", "created_at": "2024-08-16T21:43:53.223Z", "comments": []}}, {"model": "core.image", "pk": 5, "fields": {"user": 2, "image": "image/upload/v1723844690/zf5upkfhcjlnybhuddfz.png", "title": "Pic05", "description": "Blud!!", "created_at": "2024-08-16T21:44:51.081Z", "comments": []}}, {"model": "core.image", "pk": 6, "fields": {"user": 1, "image": "image/upload/v1723844731/d3jsm7oixkgduwrej7yh.png", "title": "Pic06", "description": "nice face", "created_at": "2024-08-16T21:45:31.509Z", "comments": []}}, {"model": "core.image", "pk": 7, "fields": {"user": 2, "image": "image/upload/v1723844806/odhuycaioztfqt405pja.png", "title": "Pic08", "description": "Hmmmm Field is required", "created_at": "2024-08-16T21:46:46.681Z", "comments": []}}, {"model": "core.image", "pk": 8, "fields": {"user": 2, "image": "image/upload/v1723844888/dr0q09qkw15apcvkr427.png", "title": "pic09", "description": "nearly there just a few more to up load", "created_at": "2024-08-16T21:48:08.636Z", "comments": []}}, {"model": "core.image", "pk": 9, "fields": {"user": 1, "image": "image/upload/v1723844930/iy7pnaxbphtxuvrftici.png", "title": "pic10", "description": "waaaaaah", "created_at": "2024-08-16T21:48:51.275Z", "comments": []}}, {"model": "core.image", "pk": 10, "fields": {"user": 1, "image": "image/upload/v1723844965/ykgadglmunbhnagmk3rw.png", "title": "pic11", "description": "there", "created_at": "2024-08-16T21:49:26.075Z", "comments": []}}, {"model": "core.image", "pk": 11, "fields": {"user": 2, "image": "image/upload/v1723845050/qossae4djty1owzv2lre.jpg", "title": "Pic12", "description": "see if this fits like the rest", "created_at": "2024-08-16T21:50:51.110Z", "comments": []}}, {"model": "core.image", "pk": 12, "fields": {"user": 1, "image": "image/upload/v1723845117/y9a3xstxguouorivunoy.png", "title": "Camera Man", "description": "And thats it", "created_at": "2024-08-16T21:51:57.457Z", "comments": []}}, {"model": "core.image", "pk": 13, "fields": {"user": 1, "image": "image/upload/v1723888874/csw92ywyw61jp701byuv.jpg", "title": "Group Photo", "description": "Group of actors for gallery", "created_at": "2024-08-17T10:01:14.627Z", "comments": []}}, {"model": "core.image", "pk": 15, "fields": {"user": 6, "image": "image/upload/v1723907317/ruc5ehzhbrfpzhigfeq9.jpg", "title": "Anime Ken", "description": "AI generated image of me...", "created_at": "2024-08-17T15:08:38.067Z", "comments": []}}, {"model": "core.image", "pk": 18, "fields": {"user": 6, "image": "image/upload/v1723923091/sev7eff2iswhguxpvz3w.jpg", "title": "Super Ken", "description": "Yes this is my alter ego", "created_at": "2024-08-17T19:31:31.871Z", "comments": []}}, {"model": "core.image", "pk": 19, "fields": {"user": 6, "image": "image/upload/v1723923159/utfiogrhkjbtgwq8eafp.jpg", "title": "Artistic Ken", "description": "This is in the style of some great painter some where...", "created_at": "2024-08-17T19:32:39.744Z", "comments": []}}, {"model": "core.image", "pk": 20, "fields": {"user": 6, "image": "image/upload/v1723923279/rfqeir0u8dwi2kgdoxm2.jpg", "title": "AI representation of Ken", "description": "I look 20 years younger, Thanks AI", "created_at": "2024-08-17T19:34:39.580Z", "comments": []}}, {"model": "core.image", "pk": 21, "fields": {"user": 3, "image": "image/upload/v1723923633/t2vpexooxover0xd2dz9.jpg", "title": "Ai Test", "description": "AI playing around", "created_at": "2024-08-17T19:40:33.862Z", "comments": []}}, {"model": "core.image", "pk": 22, "fields": {"user": 6, "image": "image/upload/v1723924168/xkpnjaiatdocmtzstxmp.webp", "title": "Mountain", "description": "Mount Cook in New Zealand", "created_at": "2024-08-17T19:49:28.931Z", "comments": []}}, {"model": "core.image", "pk": 23, "fields": {"user": 3, "image": "image/upload/v1723970496/heevdfavxa04nw8mt9eg.jpg", "title": "AI Test 2", "description": "Just playing around", "created_at": "2024-08-18T08:41:36.833Z", "comments": []}}, {"model": "core.image", "pk": 24, "fields": {"user": 5, "image": "image/upload/v1724010845/hszqw4imvfvynhp8kii4.jpg", "title": "Tree Painting", "description": "Acrylic Painting of Tree made by Ashwini", "created_at": "2024-08-18T19:54:06.033Z", "comments": []}}, {"model": "core.image", "pk": 25, "fields": {"user": 9, "image": "image/upload/v1724012245/hwplbhmzgubnbgyhy65o.webp", "title": "Cyber Warfare", "description": "A squad member fighting the hackers from his CRT computer. He is wearing protection so that he can't be damaged by the viruses!", "created_at": "2024-08-18T20:17:25.957Z", "comments": []}}, {"model": "core.image", "pk": 26, "fields": {"user": 5, "image": "image/upload/v1724061697/itsjs3pwtslzymjxpnsm.webp", "title": "AI generated image", "description": "AI-generated image of me-Ashwini", "created_at": "2024-08-19T10:01:38.330Z", "comments": []}}, {"model": "core.image", "pk": 27, "fields": {"user": 5, "image": "image/upload/v1724061814/mfk0fsv5rpzwjjimdkkf.webp", "title": "AI generated image", "description": "AI-generated image of me-Ashwini", "created_at": "2024-08-19T10:03:35.497Z", "comments": []}}, {"model": "core.image", "pk": 28, "fields": {"user": 5, "image": "image/upload/v1724062010/mclxtoesuvh4dk4xei7j.jpg", "title": "Flowers Painting", "description": "Acrylic Flowers Painting made by Ashwini", "created_at": "2024-08-19T10:06:51.448Z", "comments": []}}, {"model": "core.image", "pk": 29, "fields": {"user": 5, "image": "image/upload/v1724062140/wzf7jz24ga6f5byozboh.jpg", "title": "Sun-set painting", "description": "Acrylic painting of Sun set made by Ashwini", "created_at": "2024-08-19T10:09:00.855Z", "comments": []}}, {"model": "core.image", "pk": 30, "fields": {"user": 8, "image": "image/upload/v1724062334/jvorqeocb0mxu5ccgpaj.jpg", "title": "Mosaic Henry", "description": "Generated with AI", "created_at": "2024-08-19T10:12:15.190Z", "comments": []}}, {"model": "core.image", "pk": 31, "fields": {"user": 8, "image": "image/upload/v1724062408/t9hqrgwm7gdaqvlngr8a.jpg", "title": "Historic Henry", "description": "Generated with AI", "created_at": "2024-08-19T10:13:29.160Z", "comments": []}}, {"model": "core.image", "pk": 33, "fields": {"user": 11, "image": "image/upload/v1724073791/dqu5beorfy9e4qyo7rer.jpg", "title": "Salsa", "description": "Vamos vamos salsa!", "created_at": "2024-08-19T13:23:11.886Z", "comments": []}}, {"model": "core.image", "pk": 34, "fields": {"user": 11, "image": "image/upload/v1724073794/xsul9ve4gu1hawwxykmy.jpg", "title": "Salsa", "description": "Vamos vamos salsa!", "created_at": "2024-08-19T13:23:14.540Z", "comments": []}}, {"model": "core.image", "pk": 35, "fields": {"user": 11, "image": "image/upload/v1724073797/ybfloruo27vb4fna5aah.jpg", "title": "Salsa", "description": "Vamos vamos salsa!", "created_at": "2024-08-19T13:23:17.789Z", "comments": []}}, {"model": "core.image", "pk": 37, "fields": {"user": 16, "image": "image/upload/v1724091288/xlekzbageetzo0qzhnmm.jpg", "title": "Pepemeow", "description": "Pepe and Meow cats going for a mountain climb.", "created_at": "2024-08-19T18:14:48.864Z", "comments": []}}, {"model": "core.image", "pk": 38, "fields": {"user": 1, "image": "image/upload/v1724195184/ofqospr2estfahmtlqrf.gif", "title": "Every Painting...", "description": "Gif of nice paintings merged together..", "created_at": "2024-08-20T23:06:26.057Z", "comments": []}}, {"model": "core.image", "pk": 39, "fields": {"user": 18, "image": "image/upload/v1726253019/iolicapnwq9jz2g86xew.jpg", "title": "Bell Clematics child", "description": "Follow me on ArtStation: midnight_lantern.artstation.com", "created_at": "2024-09-13T18:43:39.933Z", "comments": []}}, {"model": "core.image", "pk": 40, "fields": {"user": 18, "image": "image/upload/v1726253640/wcgtxxacgpvnqcn37qmt.jpg", "title": "Commission for a friend", "description": "Commission for a friend I did once, he was happy", "created_at": "2024-09-13T18:54:00.399Z", "comments": []}}, {"model": "core.image", "pk": 41, "fields": {"user": 18, "image": "image/upload/v1726253720/ygkuyzks6faaokucfpqq.jpg", "title": "Cutie", "description": "Follow me on ArtStation: midnight_lantern.artstation.com", "created_at": "2024-09-13T18:55:21.105Z", "comments": []}}, {"model": "core.image", "pk": 42, "fields": {"user": 18, "image": "image/upload/v1726253748/w0wwdoupcz9lydoqrhyp.jpg", "title": "Meliora", "description": "Collaboration with my friend Blue", "created_at": "2024-09-13T18:55:49.196Z", "comments": []}}, {"model": "core.like", "pk": 37, "fields": {"user": 8, "image": 11}}, {"model": "core.like", "pk": 40, "fields": {"user": 8, "image": 10}}, {"model": "core.like", "pk": 41, "fields": {"user": 1, "image": 7}}, {"model": "core.like", "pk": 42, "fields": {"user": 1, "image": 10}}, {"model": "core.like", "pk": 44, "fields": {"user": 1, "image": 15}}, {"model": "core.like", "pk": 45, "fields": {"user": 3, "image": 10}}, {"model": "core.like", "pk": 47, "fields": {"user": 3, "image": 21}}, {"model": "core.like", "pk": 48, "fields": {"user": 3, "image": 23}}, {"model": "core.like", "pk": 49, "fields": {"user": 3, "image": 18}}, {"model": "core.like", "pk": 50, "fields": {"user": 3, "image": 15}}, {"model": "core.like", "pk": 51, "fields": {"user": 3, "image": 20}}, {"model": "core.like", "pk": 52, "fields": {"user": 3, "image": 19}}, {"model": "core.like", "pk": 54, "fields": {"user": 3, "image": 5}}, {"model": "core.like", "pk": 55, "fields": {"user": 3, "image": 12}}, {"model": "core.like", "pk": 56, "fields": {"user": 3, "image": 6}}, {"model": "core.like", "pk": 57, "fields": {"user": 6, "image": 24}}, {"model": "core.like", "pk": 58, "fields": {"user": 6, "image": 11}}, {"model": "core.like", "pk": 59, "fields": {"user": 6, "image": 5}}, {"model": "core.like", "pk": 61, "fields": {"user": 6, "image": 8}}, {"model": "core.like", "pk": 63, "fields": {"user": 1, "image": 25}}, {"model": "core.like", "pk": 65, "fields": {"user": 6, "image": 12}}, {"model": "core.like", "pk": 66, "fields": {"user": 6, "image": 13}}, {"model": "core.like", "pk": 67, "fields": {"user": 6, "image": 9}}, {"model": "core.like", "pk": 68, "fields": {"user": 3, "image": 24}}, {"model": "core.like", "pk": 69, "fields": {"user": 3, "image": 25}}, {"model": "core.like", "pk": 70, "fields": {"user": 8, "image": 15}}, {"model": "core.like", "pk": 71, "fields": {"user": 8, "image": 12}}, {"model": "core.like", "pk": 72, "fields": {"user": 3, "image": 8}}, {"model": "core.like", "pk": 73, "fields": {"user": 6, "image": 15}}, {"model": "core.like", "pk": 74, "fields": {"user": 6, "image": 26}}, {"model": "core.like", "pk": 75, "fields": {"user": 6, "image": 27}}, {"model": "core.like", "pk": 76, "fields": {"user": 6, "image": 31}}, {"model": "core.like", "pk": 77, "fields": {"user": 6, "image": 30}}, {"model": "core.like", "pk": 78, "fields": {"user": 6, "image": 29}}, {"model": "core.like", "pk": 79, "fields": {"user": 6, "image": 23}}, {"model": "core.like", "pk": 80, "fields": {"user": 3, "image": 9}}, {"model": "core.like", "pk": 81, "fields": {"user": 3, "image": 30}}, {"model": "core.like", "pk": 82, "fields": {"user": 3, "image": 31}}, {"model": "core.like", "pk": 83, "fields": {"user": 3, "image": 7}}, {"model": "core.like", "pk": 85, "fields": {"user": 10, "image": 5}}, {"model": "core.like", "pk": 86, "fields": {"user": 10, "image": 9}}, {"model": "core.like", "pk": 88, "fields": {"user": 10, "image": 7}}, {"model": "core.like", "pk": 89, "fields": {"user": 10, "image": 10}}, {"model": "core.like", "pk": 90, "fields": {"user": 3, "image": 33}}, {"model": "core.like", "pk": 91, "fields": {"user": 8, "image": 34}}, {"model": "core.like", "pk": 93, "fields": {"user": 14, "image": 9}}, {"model": "core.like", "pk": 94, "fields": {"user": 14, "image": 5}}, {"model": "core.like", "pk": 95, "fields": {"user": 15, "image": 20}}, {"model": "core.like", "pk": 97, "fields": {"user": 1, "image": 35}}, {"model": "core.like", "pk": 98, "fields": {"user": 1, "image": 34}}, {"model": "core.like", "pk": 99, "fields": {"user": 9, "image": 25}}, {"model": "core.like", "pk": 100, "fields": {"user": 16, "image": 37}}, {"model": "core.like", "pk": 101, "fields": {"user": 3, "image": 37}}, {"model": "core.like", "pk": 102, "fields": {"user": 1, "image": 37}}, {"model": "core.like", "pk": 103, "fields": {"user": 3, "image": 38}}, {"model": "core.like", "pk": 104, "fields": {"user": 18, "image": 38}}, {"model": "core.like", "pk": 105, "fields": {"user": 18, "image": 22}}, {"model": "core.like", "pk": 106, "fields": {"user": 3, "image": 42}}, {"model": "core.like", "pk": 107, "fields": {"user": 1, "image": 42}}, {"model": "core.like", "pk": 108, "fields": {"user": 1, "image": 21}}, {"model": "core.like", "pk": 109, "fields": {"user": 1, "image": 26}}, {"model": "core.like", "pk": 110, "fields": {"user": 1, "image": 39}}, {"model": "core.like", "pk": 111, "fields": {"user": 1, "image": 40}}]